Codon,RCSU,NRCSU,HEG FB
AAA,0.255941,0.127971,0.009798432
AAC,1.745283,0.872642,0.025895857
AAG,1.744059,0.872029,0.066769317
AAT,0.254717,0.127358,0.003779395
ACA,0.213953,0.053488,0.003219485
ACC,2.669767,0.667442,0.040173572
ACG,0.893023,0.223256,0.01343785
ACT,0.223256,0.055814,0.003359462
AGA,0.0384,0.0064,0.00055991
AGC,1.620579,0.270096,0.011758119
AGG,0.1728,0.0288,0.002519597
AGT,0.405145,0.067524,0.00293953
ATA,0.040214,0.013405,0.000699888
ATC,2.565684,0.855228,0.044652856
ATG,1.0,1.0,0.017077268
ATT,0.394102,0.131367,0.006858903
CAA,0.273504,0.136752,0.004479283
CAC,1.527027,0.763514,0.015817469
CAG,1.726496,0.863248,0.028275476
CAT,0.472973,0.236486,0.004899216
CCA,0.383721,0.09593,0.004619261
CCC,1.162791,0.290698,0.01399776
CCG,2.209302,0.552326,0.026595745
CCT,0.244186,0.061047,0.00293953
CGA,0.2976,0.0496,0.004339306
CGC,2.7072,0.4512,0.039473684
CGG,1.8048,0.3008,0.026315789
CGT,0.9792,0.1632,0.014277716
CTA,0.15087,0.025145,0.001819709
CTC,1.276596,0.212766,0.015397536
CTG,3.330754,0.555126,0.040173572
CTT,0.382979,0.06383,0.004619261
GAA,0.46875,0.234375,0.014697648
GAC,1.652893,0.826446,0.041993281
GAG,1.53125,0.765625,0.048012318
GAT,0.347107,0.173554,0.008818589
GCA,0.34188,0.08547,0.009798432
GCC,1.924298,0.481074,0.055151176
GCG,1.387057,0.346764,0.039753639
GCT,0.346764,0.086691,0.00993841
GGA,0.192053,0.048013,0.004059351
GGC,2.384106,0.596026,0.050391937
GGG,0.516556,0.129139,0.010918253
GGT,0.907285,0.226821,0.019176932
GTA,0.197452,0.049363,0.004339306
GTC,1.713376,0.428344,0.037653975
GTG,1.751592,0.437898,0.038493841
GTT,0.33758,0.084395,0.007418813
TAA,0.45,0.15,0.000839866
TAC,1.636364,0.818182,0.017637178
TAG,1.2,0.4,0.002239642
TAT,0.363636,0.181818,0.003919373
TCA,0.250804,0.041801,0.001819709
TCC,1.234727,0.205788,0.008958567
TCG,2.353698,0.392283,0.017077268
TCT,0.135048,0.022508,0.000979843
TGA,1.35,0.45,0.002519597
TGC,1.727273,0.863636,0.002659574
TGG,1.0,1.0,0.004759239
TGT,0.272727,0.136364,0.000419933
TTA,0.034816,0.005803,0.000419933
TTC,1.739645,0.869822,0.020576708
TTG,0.823985,0.137331,0.00993841
TTT,0.260355,0.130178,0.003079507
